"Response ID","Time Started","Date Submitted","Status","Contact ID","Legacy Comments","Comments","Language","Referer","SessionID","User Agent","Tags","IP Address","Longitude","Latitude","Country","City","State/Region","Postal","300: Please enter your Prolific ID:","77:        Task 3:         The program’s labelling of the number in Task 1 is correct:  ","78:        Task 4:         The program’s labelling of the number in Task 1 is reasonable:  ","57:        Task 3:         The program’s labelling of the number in Task 1 is correct:  ","58:        Task 4:         The program’s labelling of the number in Task 1 is reasonable:  ","107:        Task 3:         The program’s labelling of the number in Task 1 is correct:  ","108:        Task 4:         The program’s labelling of the number in Task 1 is reasonable:  ","113:        Task 3:         The program’s labelling of the number in Task 1 is correct:  ","114:        Task 4:         The program’s labelling of the number in Task 1 is reasonable:  ","118:        Task 3:         The program’s labelling of the number in Task 1 is correct:  ","119:        Task 4:         The program’s labelling of the number in Task 1 is reasonable:  ","123:        Task 3:         The program’s labelling of the number in Task 1 is correct:  ","124:        Task 4:         The program’s labelling of the number in Task 1 is reasonable:  ","128:        Task 3:         The program’s labelling of the number in Task 1 is correct:  ","129:        Task 4:         The program’s labelling of the number in Task 1 is reasonable:  ","138:        Task 3:         The program’s labelling of the number in Task 1 is correct:  ","139:        Task 4:         The program’s labelling of the number in Task 1 is reasonable:  ","143:        Task 3:         The program’s labelling of the number in Task 1 is correct:  ","144:        Task 4:         The program’s labelling of the number in Task 1 is reasonable:  ","148:        Task 3:         The program’s labelling of the number in Task 1 is correct:","149:        Task 4:         The program’s labelling of the number in Task 1 is reasonable:","153:        Task 3:         The program’s labelling of the number in Task 1 is correct:","154:        Task 4:         The program’s labelling of the number in Task 1 is reasonable:","163:        Task 3:         The program’s labelling of the number in Task 1 is correct:","164:        Task 4:         The program’s labelling of the number in Task 1 is reasonable:","168:        Task 3:         The program’s labelling of the number in Task 1 is correct:","169:        Task 4:         The program’s labelling of the number in Task 1 is reasonable:","173:        Task 3:         The program’s labelling of the number in Task 1 is correct:","174:        Task 4:         The program’s labelling of the number in Task 1 is reasonable:","194:        Task 3:         The program’s labelling of the number in Task 1 is correct:","195:        Task 4:         The program’s labelling of the number in Task 1 is reasonable:","209:        Task 3:         The program’s labelling of the number in Task 1 is correct:","210:        Task 4:         The program’s labelling of the number in Task 1 is reasonable:","214:        Task 3:         The program’s labelling of the number in Task 1 is correct:","215:        Task 4:         The program’s labelling of the number in Task 1 is reasonable:","219:        Task 3:         The program’s labelling of the number in Task 1 is correct:","220:        Task 4:         The program’s labelling of the number in Task 1 is reasonable:","224:        Task 3:         The program’s labelling of the number in Task 1 is correct:","225:        Task 4:         The program’s labelling of the number in Task 1 is reasonable:","309:        Task 3:         The program’s labelling of the number in Task 1 is correct:","310:        Task 4:         The program’s labelling of the number in Task 1 is reasonable:","339:        Task 3:         The program’s labelling of the number in Task 1 is correct:  ","340:        Task 4:         The program’s labelling of the number in Task 1 is reasonable:  ","184:        Task 3:         The program’s labelling of the number in Task 1 is correct:","185:        Task 4:         The program’s labelling of the number in Task 1 is reasonable:","324:        Task 3:         The program’s labelling of the number in Task 1 is correct:  ","325:        Task 4:         The program’s labelling of the number in Task 1 is reasonable:  ","344:        Task 3:         The program’s labelling of the number in Task 1 is correct:  ","345:        Task 4:         The program’s labelling of the number in Task 1 is reasonable:  ","349:        Task 3:         The program’s labelling of the number in Task 1 is correct:  ","350:        Task 4:         The program’s labelling of the number in Task 1 is reasonable:  ","354:        Task 3:         The program’s labelling of the number in Task 1 is correct:  ","355:        Task 4:         The program’s labelling of the number in Task 1 is reasonable:  ","356: A. Overall, the program's labelling of numbers was correct.","357: B. Overall, the program's labelling of numbers was reasonable.","83: 1. From the explanation, I understand how the program works.","84: 2. This explanation of how the program works is satisfying.","85: 3. This explanation of how the program works has sufficient detail.","86: 4. This explanation of how the program works seems complete.","87: 5. This explanation of how the program works tells me how to use it.","88: 6. This explanation of how the program works is useful to my goals.","186: 7. This explanation of the program shows me how accurate the program is.","187: 8. This explanation lets me judge when I should trust and not trust the program.","89: 1. I am confident in the program. I feel that it works well.","90: 2. The outputs of the program are very predictable.","91: 3. The program is very reliable. I can count on it to be correct all the time.","92: 4. I feel safe that when I rely on the program I will get the right answers.","93: 5. The program is efficient in that it works very quickly. ","188: 6. I am wary of the program.","189: 7. The program can perform the task better than a novice human user.","190: 8. I like using the program for decision making.","94: You may have noticed that sometimes the program did not seem to label the numbers correctly. Can you state, in your own words, in as much detail as possible, why you think the program failed on these items?","299: completion url"
"1","Apr 1, 2020 12:19:11 pm","Apr 1, 2020 12:29:55 pm","Complete","","","","English","","1585757951_5e84beffa0eda3.54305792","Mozilla/5.0 (Windows NT 10.0; Win64; x64) AppleWebKit/537.36 (KHTML, like Gecko) Chrome/80.0.3987.149 Safari/537.36","","80.195.186.3","-1.736899971962","52.533798217773","United Kingdom","Sutton Coldfield","A7","B76","5e7e7eb24b736e0eff6b8548","5<br /> I agree strongly","5<br /> I agree strongly","5<br /> I agree strongly","5<br /> I agree strongly","5<br /> I agree strongly","4<br /> I agree somewhat","5<br /> I agree strongly","5<br /> I agree strongly","5<br /> I agree strongly","5<br /> I agree strongly","5<br /> I agree strongly","5<br /> I agree strongly","5<br /> I agree strongly","5<br /> I agree strongly","5<br /> I agree strongly","5<br /> I agree strongly","5<br /> I agree strongly","5<br /> I agree strongly","5<br /> I agree strongly","4<br /> I agree somewhat","5<br /> I agree strongly","4<br /> I agree somewhat","5<br /> I agree strongly","5<br /> I agree strongly","5<br /> I agree strongly","5<br /> I agree strongly","5<br /> I agree strongly","4<br /> I agree somewhat","5<br /> I agree strongly","5<br /> I agree strongly","5<br /> I agree strongly","5<br /> I agree strongly","5<br /> I agree strongly","5<br /> I agree strongly","5<br /> I agree strongly","4<br /> I agree somewhat","4<br /> I agree somewhat","5<br /> I agree strongly","1<br />I disagree strongly","2<br /> I disagree somewhat","1<br />I disagree strongly","4<br /> I agree somewhat","1<br />I disagree strongly","5<br /> I agree strongly","1<br />I disagree strongly","2<br /> I disagree somewhat","1<br />I disagree strongly","1<br />I disagree strongly","1<br />I disagree strongly","1<br />I disagree strongly","2<br /> I disagree somewhat","4<br /> I agree somewhat","I agree strongly","I agree somewhat","5<br /> I agree strongly","4<br /> I agree somewhat","5<br /> I agree strongly","4<br /> I agree somewhat","4<br /> I agree somewhat","4<br /> I agree somewhat","5<br /> I agree strongly","5<br /> I agree strongly","4<br /> I agree somewhat","3<br /> I'm neutral about it","4<br /> I agree somewhat","4<br /> I agree somewhat","5<br /> I agree strongly","2<br /> I disagree somewhat","2<br /> I disagree somewhat","4<br /> I agree somewhat","There are different ways to write numbers such as a 7 with a dash or a 4 without the tops conjoined so the software could mix up some of these shapes.",""
"3","Apr 1, 2020 12:22:06 pm","Apr 1, 2020 12:45:03 pm","Complete","","","","English","","1585758125_5e84bfadf34e71.68754998","Mozilla/5.0 (Windows NT 10.0; Win64; x64) AppleWebKit/537.36 (KHTML, like Gecko) Chrome/80.0.3987.149 Safari/537.36","","82.6.43.31","0.022099999710917","51.369300842285","United Kingdom","Bromley","B8","BR2","5c33e5499b4f3200019df9d8","5<br /> I agree strongly","5<br /> I agree strongly","5<br /> I agree strongly","5<br /> I agree strongly","5<br /> I agree strongly","5<br /> I agree strongly","4<br /> I agree somewhat","4<br /> I agree somewhat","5<br /> I agree strongly","5<br /> I agree strongly","5<br /> I agree strongly","5<br /> I agree strongly","5<br /> I agree strongly","5<br /> I agree strongly","5<br /> I agree strongly","5<br /> I agree strongly","5<br /> I agree strongly","5<br /> I agree strongly","5<br /> I agree strongly","5<br /> I agree strongly","5<br /> I agree strongly","5<br /> I agree strongly","5<br /> I agree strongly","5<br /> I agree strongly","5<br /> I agree strongly","5<br /> I agree strongly","5<br /> I agree strongly","5<br /> I agree strongly","5<br /> I agree strongly","5<br /> I agree strongly","5<br /> I agree strongly","5<br /> I agree strongly","5<br /> I agree strongly","5<br /> I agree strongly","5<br /> I agree strongly","5<br /> I agree strongly","4<br /> I agree somewhat","4<br /> I agree somewhat","1<br />I disagree strongly","3<br /> I'm neutral about it","1<br />I disagree strongly","2<br /> I disagree somewhat","2<br /> I disagree somewhat","3<br /> I'm neutral about it","2<br /> I disagree somewhat","4<br /> I agree somewhat","2<br /> I disagree somewhat","4<br /> I agree somewhat","1<br />I disagree strongly","2<br /> I disagree somewhat","1<br />I disagree strongly","4<br /> I agree somewhat","I agree somewhat","I agree somewhat","4<br /> I agree somewhat","4<br /> I agree somewhat","3<br /> I'm neutral about it","4<br /> I agree somewhat","5<br /> I agree strongly","3<br /> I'm neutral about it","4<br /> I agree somewhat","5<br /> I agree strongly","4<br /> I agree somewhat","4<br /> I agree somewhat","3<br /> I'm neutral about it","3<br /> I'm neutral about it","5<br /> I agree strongly","2<br /> I disagree somewhat","2<br /> I disagree somewhat","4<br /> I agree somewhat","The numbers were sometimes slanted. The lines weren't always perfectly straight where they should've been.  ",""
"5","Apr 1, 2020 12:18:44 pm","Apr 1, 2020 12:34:30 pm","Complete","","","","English","","1585757924_5e84bee42972f3.75257200","Mozilla/5.0 (Macintosh; Intel Mac OS X 10_15_2) AppleWebKit/605.1.15 (KHTML, like Gecko) Version/13.0.4 Safari/605.1.15","","86.149.101.54","-3.4672000408173","50.761901855469","United Kingdom","Exeter","D4","EX4","5e79d590abdf780008a5d3cb","5<br /> I agree strongly","5<br /> I agree strongly","5<br /> I agree strongly","5<br /> I agree strongly","3<br /> I'm neutral about it","3<br /> I'm neutral about it","4<br /> I agree somewhat","2<br /> I disagree somewhat","3<br /> I'm neutral about it","4<br /> I agree somewhat","5<br /> I agree strongly","5<br /> I agree strongly","5<br /> I agree strongly","4<br /> I agree somewhat","5<br /> I agree strongly","2<br /> I disagree somewhat","5<br /> I agree strongly","4<br /> I agree somewhat","5<br /> I agree strongly","4<br /> I agree somewhat","4<br /> I agree somewhat","3<br /> I'm neutral about it","4<br /> I agree somewhat","4<br /> I agree somewhat","5<br /> I agree strongly","4<br /> I agree somewhat","2<br /> I disagree somewhat","3<br /> I'm neutral about it","5<br /> I agree strongly","4<br /> I agree somewhat","5<br /> I agree strongly","4<br /> I agree somewhat","5<br /> I agree strongly","2<br /> I disagree somewhat","4<br /> I agree somewhat","4<br /> I agree somewhat","1<br />I disagree strongly","2<br /> I disagree somewhat","1<br />I disagree strongly","2<br /> I disagree somewhat","1<br />I disagree strongly","2<br /> I disagree somewhat","1<br />I disagree strongly","4<br /> I agree somewhat","1<br />I disagree strongly","2<br /> I disagree somewhat","2<br /> I disagree somewhat","3<br /> I'm neutral about it","1<br />I disagree strongly","2<br /> I disagree somewhat","1<br />I disagree strongly","2<br /> I disagree somewhat","I agree somewhat","I'm neutral about it","4<br /> I agree somewhat","5<br /> I agree strongly","3<br /> I'm neutral about it","3<br /> I'm neutral about it","4<br /> I agree somewhat","4<br /> I agree somewhat","4<br /> I agree somewhat","3<br /> I'm neutral about it","4<br /> I agree somewhat","4<br /> I agree somewhat","3<br /> I'm neutral about it","3<br /> I'm neutral about it","4<br /> I agree somewhat","4<br /> I agree somewhat","3<br /> I'm neutral about it","3<br /> I'm neutral about it","I think it might have failed due to the width of the characters and how they were overall laid out.",""
"7","Apr 1, 2020 12:21:23 pm","Apr 1, 2020 12:30:23 pm","Complete","","","","English","","1585758083_5e84bf83bbd2f6.43512303","Mozilla/5.0 (Macintosh; Intel Mac OS X 10_15_3) AppleWebKit/537.36 (KHTML, like Gecko) Chrome/80.0.3987.122 Safari/537.36","","86.167.135.222","-0.36640000343323","51.54940032959","United Kingdom","Northolt","D9","UB5","5d7aad1cf6ad4700158bb42a","5<br /> I agree strongly","5<br /> I agree strongly","5<br /> I agree strongly","5<br /> I agree strongly","5<br /> I agree strongly","5<br /> I agree strongly","5<br /> I agree strongly","5<br /> I agree strongly","5<br /> I agree strongly","5<br /> I agree strongly","5<br /> I agree strongly","5<br /> I agree strongly","5<br /> I agree strongly","5<br /> I agree strongly","5<br /> I agree strongly","5<br /> I agree strongly","5<br /> I agree strongly","5<br /> I agree strongly","5<br /> I agree strongly","5<br /> I agree strongly","5<br /> I agree strongly","5<br /> I agree strongly","5<br /> I agree strongly","5<br /> I agree strongly","5<br /> I agree strongly","5<br /> I agree strongly","5<br /> I agree strongly","5<br /> I agree strongly","5<br /> I agree strongly","5<br /> I agree strongly","5<br /> I agree strongly","5<br /> I agree strongly","5<br /> I agree strongly","5<br /> I agree strongly","5<br /> I agree strongly","5<br /> I agree strongly","5<br /> I agree strongly","5<br /> I agree strongly","1<br />I disagree strongly","2<br /> I disagree somewhat","1<br />I disagree strongly","2<br /> I disagree somewhat","1<br />I disagree strongly","1<br />I disagree strongly","1<br />I disagree strongly","1<br />I disagree strongly","1<br />I disagree strongly","1<br />I disagree strongly","1<br />I disagree strongly","1<br />I disagree strongly","1<br />I disagree strongly","2<br /> I disagree somewhat","I agree strongly","I agree strongly","5<br /> I agree strongly","5<br /> I agree strongly","5<br /> I agree strongly","5<br /> I agree strongly","5<br /> I agree strongly","4<br /> I agree somewhat","5<br /> I agree strongly","4<br /> I agree somewhat","4<br /> I agree somewhat","5<br /> I agree strongly","4<br /> I agree somewhat","4<br /> I agree somewhat","5<br /> I agree strongly","4<br /> I agree somewhat","2<br /> I disagree somewhat","2<br /> I disagree somewhat","The program is designed to recognise certain features of numbers and on occasion there is overlap between two numbers.",""
"9","Apr 1, 2020 12:21:58 pm","Apr 1, 2020 12:37:00 pm","Complete","","","","English","","1585758118_5e84bfa6750ec3.41411694","Mozilla/5.0 (Macintosh; Intel Mac OS X 10_11_6) AppleWebKit/537.36 (KHTML, like Gecko) Chrome/79.0.3945.130 Safari/537.36","","176.254.27.118","-2.5875999927521","53.509498596191","United Kingdom","Wigan","P7","WN2","5c97f7ed18a759001648027a","5<br /> I agree strongly","5<br /> I agree strongly","5<br /> I agree strongly","5<br /> I agree strongly","5<br /> I agree strongly","4<br /> I agree somewhat","5<br /> I agree strongly","4<br /> I agree somewhat","5<br /> I agree strongly","4<br /> I agree somewhat","5<br /> I agree strongly","5<br /> I agree strongly","5<br /> I agree strongly","4<br /> I agree somewhat","5<br /> I agree strongly","4<br /> I agree somewhat","5<br /> I agree strongly","5<br /> I agree strongly","4<br /> I agree somewhat","4<br /> I agree somewhat","4<br /> I agree somewhat","4<br /> I agree somewhat","5<br /> I agree strongly","5<br /> I agree strongly","5<br /> I agree strongly","5<br /> I agree strongly","3<br /> I'm neutral about it","4<br /> I agree somewhat","5<br /> I agree strongly","5<br /> I agree strongly","5<br /> I agree strongly","5<br /> I agree strongly","5<br /> I agree strongly","4<br /> I agree somewhat","4<br /> I agree somewhat","4<br /> I agree somewhat","3<br /> I'm neutral about it","4<br /> I agree somewhat","2<br /> I disagree somewhat","4<br /> I agree somewhat","1<br />I disagree strongly","2<br /> I disagree somewhat","2<br /> I disagree somewhat","4<br /> I agree somewhat","2<br /> I disagree somewhat","3<br /> I'm neutral about it","2<br /> I disagree somewhat","4<br /> I agree somewhat","1<br />I disagree strongly","2<br /> I disagree somewhat","3<br /> I'm neutral about it","4<br /> I agree somewhat","I agree somewhat","I agree somewhat","4<br /> I agree somewhat","5<br /> I agree strongly","4<br /> I agree somewhat","3<br /> I'm neutral about it","4<br /> I agree somewhat","3<br /> I'm neutral about it","4<br /> I agree somewhat","5<br /> I agree strongly","4<br /> I agree somewhat","2<br /> I disagree somewhat","2<br /> I disagree somewhat","3<br /> I'm neutral about it","4<br /> I agree somewhat","3<br /> I'm neutral about it","2<br /> I disagree somewhat","3<br /> I'm neutral about it","The human labelling and the numbers given to the program were done in a way that it could be seen in 2 ways....such as a 6 looking like a 9, a 1 looking like a 7 or a 6 looking like an 8",""
"11","Apr 1, 2020 12:21:54 pm","Apr 1, 2020 12:34:33 pm","Complete","","","","English","","1585758113_5e84bfa1d7d934.61985681","Mozilla/5.0 (Windows NT 10.0; Win64; x64) AppleWebKit/537.36 (KHTML, like Gecko) Chrome/80.0.3987.149 Safari/537.36","","90.194.165.252","-0.7311999797821","52.027599334717","United Kingdom","Milton Keynes","I6","MK6","5e67f62d42ff140acc9febb9","5<br /> I agree strongly","4<br /> I agree somewhat","5<br /> I agree strongly","5<br /> I agree strongly","4<br /> I agree somewhat","3<br /> I'm neutral about it","5<br /> I agree strongly","5<br /> I agree strongly","5<br /> I agree strongly","5<br /> I agree strongly","5<br /> I agree strongly","5<br /> I agree strongly","5<br /> I agree strongly","4<br /> I agree somewhat","5<br /> I agree strongly","5<br /> I agree strongly","5<br /> I agree strongly","5<br /> I agree strongly","5<br /> I agree strongly","5<br /> I agree strongly","5<br /> I agree strongly","5<br /> I agree strongly","5<br /> I agree strongly","5<br /> I agree strongly","5<br /> I agree strongly","5<br /> I agree strongly","4<br /> I agree somewhat","5<br /> I agree strongly","5<br /> I agree strongly","5<br /> I agree strongly","5<br /> I agree strongly","5<br /> I agree strongly","5<br /> I agree strongly","5<br /> I agree strongly","5<br /> I agree strongly","5<br /> I agree strongly","5<br /> I agree strongly","5<br /> I agree strongly","1<br />I disagree strongly","3<br /> I'm neutral about it","1<br />I disagree strongly","5<br /> I agree strongly","1<br />I disagree strongly","2<br /> I disagree somewhat","1<br />I disagree strongly","3<br /> I'm neutral about it","1<br />I disagree strongly","2<br /> I disagree somewhat","1<br />I disagree strongly","2<br /> I disagree somewhat","1<br />I disagree strongly","3<br /> I'm neutral about it","I agree somewhat","I'm neutral about it","4<br /> I agree somewhat","5<br /> I agree strongly","4<br /> I agree somewhat","3<br /> I'm neutral about it","4<br /> I agree somewhat","3<br /> I'm neutral about it","4<br /> I agree somewhat","3<br /> I'm neutral about it","4<br /> I agree somewhat","4<br /> I agree somewhat","2<br /> I disagree somewhat","3<br /> I'm neutral about it","4<br /> I agree somewhat","4<br /> I agree somewhat","3<br /> I'm neutral about it","3<br /> I'm neutral about it","The program only labelled the numbers incorrectly if they were written badly and unclear",""
"12","Apr 1, 2020 12:22:09 pm","Apr 1, 2020 12:44:42 pm","Complete","","","","English","","1585758129_5e84bfb1c3afd1.00652194","Mozilla/5.0 (Windows NT 10.0; Win64; x64; rv:74.0) Gecko/20100101 Firefox/74.0","","82.23.115.48","-4.3056001663208","55.867000579834","United Kingdom","Glasgow","V2","G11","5e7e35796c12324f2a9aa602","5<br /> I agree strongly","5<br /> I agree strongly","5<br /> I agree strongly","5<br /> I agree strongly","5<br /> I agree strongly","5<br /> I agree strongly","5<br /> I agree strongly","5<br /> I agree strongly","5<br /> I agree strongly","5<br /> I agree strongly","5<br /> I agree strongly","5<br /> I agree strongly","5<br /> I agree strongly","5<br /> I agree strongly","4<br /> I agree somewhat","4<br /> I agree somewhat","5<br /> I agree strongly","5<br /> I agree strongly","4<br /> I agree somewhat","4<br /> I agree somewhat","4<br /> I agree somewhat","4<br /> I agree somewhat","5<br /> I agree strongly","5<br /> I agree strongly","4<br /> I agree somewhat","4<br /> I agree somewhat","2<br /> I disagree somewhat","4<br /> I agree somewhat","5<br /> I agree strongly","5<br /> I agree strongly","5<br /> I agree strongly","5<br /> I agree strongly","5<br /> I agree strongly","4<br /> I agree somewhat","4<br /> I agree somewhat","4<br /> I agree somewhat","5<br /> I agree strongly","4<br /> I agree somewhat","1<br />I disagree strongly","4<br /> I agree somewhat","1<br />I disagree strongly","4<br /> I agree somewhat","1<br />I disagree strongly","2<br /> I disagree somewhat","2<br /> I disagree somewhat","5<br /> I agree strongly","2<br /> I disagree somewhat","4<br /> I agree somewhat","1<br />I disagree strongly","2<br /> I disagree somewhat","2<br /> I disagree somewhat","5<br /> I agree strongly","I agree somewhat","I agree strongly","5<br /> I agree strongly","4<br /> I agree somewhat","4<br /> I agree somewhat","2<br /> I disagree somewhat","2<br /> I disagree somewhat","2<br /> I disagree somewhat","1<br />I disagree strongly","4<br /> I agree somewhat","4<br /> I agree somewhat","4<br /> I agree somewhat","1<br />I disagree strongly","2<br /> I disagree somewhat","3<br /> I'm neutral about it","2<br /> I disagree somewhat","2<br /> I disagree somewhat","2<br /> I disagree somewhat","I think the program failed on these instances due to variances in how humans write numbers. Numbers such as 3 and 8 can be very similar in appearance, depending on the person's handwriting/stylistic choices (such as the choice to include a dash through the number 7, which could sometimes make it appear more like the number 3).",""
"13","Apr 1, 2020 12:22:24 pm","Apr 1, 2020 12:36:31 pm","Complete","","","","English","","1585758144_5e84bfc0488d96.12928591","Mozilla/5.0 (Windows NT 10.0; Win64; x64; rv:74.0) Gecko/20100101 Firefox/74.0","","86.159.181.172","-1.4903000593185","53.740699768066","United Kingdom","Wakefield","O7","WF3","5ceecd8f12495000011572be","5<br /> I agree strongly","5<br /> I agree strongly","5<br /> I agree strongly","5<br /> I agree strongly","5<br /> I agree strongly","4<br /> I agree somewhat","5<br /> I agree strongly","5<br /> I agree strongly","5<br /> I agree strongly","5<br /> I agree strongly","5<br /> I agree strongly","5<br /> I agree strongly","5<br /> I agree strongly","5<br /> I agree strongly","5<br /> I agree strongly","4<br /> I agree somewhat","5<br /> I agree strongly","5<br /> I agree strongly","5<br /> I agree strongly","4<br /> I agree somewhat","5<br /> I agree strongly","5<br /> I agree strongly","5<br /> I agree strongly","4<br /> I agree somewhat","5<br /> I agree strongly","4<br /> I agree somewhat","5<br /> I agree strongly","4<br /> I agree somewhat","5<br /> I agree strongly","4<br /> I agree somewhat","5<br /> I agree strongly","5<br /> I agree strongly","5<br /> I agree strongly","4<br /> I agree somewhat","5<br /> I agree strongly","5<br /> I agree strongly","5<br /> I agree strongly","5<br /> I agree strongly","1<br />I disagree strongly","4<br /> I agree somewhat","1<br />I disagree strongly","2<br /> I disagree somewhat","1<br />I disagree strongly","5<br /> I agree strongly","1<br />I disagree strongly","5<br /> I agree strongly","1<br />I disagree strongly","5<br /> I agree strongly","1<br />I disagree strongly","5<br /> I agree strongly","1<br />I disagree strongly","5<br /> I agree strongly","I disagree strongly","I agree somewhat","5<br /> I agree strongly","4<br /> I agree somewhat","2<br /> I disagree somewhat","3<br /> I'm neutral about it","1<br />I disagree strongly","3<br /> I'm neutral about it","3<br /> I'm neutral about it","5<br /> I agree strongly","1<br />I disagree strongly","1<br />I disagree strongly","1<br />I disagree strongly","1<br />I disagree strongly","3<br /> I'm neutral about it","5<br /> I agree strongly","2<br /> I disagree somewhat","1<br />I disagree strongly","through human error. ie we can all write a number in a different 'style' - analogue if you will, which can be misinterpreted by a 'binary' decision making machine",""
"14","Apr 1, 2020 12:23:13 pm","Apr 1, 2020 12:34:44 pm","Complete","","","","English","","1585758193_5e84bff1d2dbe6.63148296","Mozilla/5.0 (Windows NT 10.0; Win64; x64) AppleWebKit/537.36 (KHTML, like Gecko) Chrome/80.0.3987.149 Safari/537.36","","5.65.104.121","-0.7311999797821","52.027599334717","United Kingdom","Milton Keynes","I6","MK6","5d20ffbeaed1f4001a974a2e","5<br /> I agree strongly","5<br /> I agree strongly","5<br /> I agree strongly","5<br /> I agree strongly","4<br /> I agree somewhat","4<br /> I agree somewhat","4<br /> I agree somewhat","5<br /> I agree strongly","4<br /> I agree somewhat","4<br /> I agree somewhat","5<br /> I agree strongly","4<br /> I agree somewhat","5<br /> I agree strongly","5<br /> I agree strongly","5<br /> I agree strongly","4<br /> I agree somewhat","5<br /> I agree strongly","5<br /> I agree strongly","4<br /> I agree somewhat","4<br /> I agree somewhat","4<br /> I agree somewhat","5<br /> I agree strongly","5<br /> I agree strongly","4<br /> I agree somewhat","5<br /> I agree strongly","4<br /> I agree somewhat","3<br /> I'm neutral about it","4<br /> I agree somewhat","4<br /> I agree somewhat","4<br /> I agree somewhat","5<br /> I agree strongly","4<br /> I agree somewhat","5<br /> I agree strongly","4<br /> I agree somewhat","5<br /> I agree strongly","5<br /> I agree strongly","4<br /> I agree somewhat","5<br /> I agree strongly","1<br />I disagree strongly","4<br /> I agree somewhat","1<br />I disagree strongly","5<br /> I agree strongly","2<br /> I disagree somewhat","5<br /> I agree strongly","2<br /> I disagree somewhat","5<br /> I agree strongly","1<br />I disagree strongly","5<br /> I agree strongly","1<br />I disagree strongly","5<br /> I agree strongly","1<br />I disagree strongly","4<br /> I agree somewhat","I agree somewhat","I agree strongly","5<br /> I agree strongly","4<br /> I agree somewhat","4<br /> I agree somewhat","4<br /> I agree somewhat","3<br /> I'm neutral about it","2<br /> I disagree somewhat","4<br /> I agree somewhat","4<br /> I agree somewhat","5<br /> I agree strongly","3<br /> I'm neutral about it","4<br /> I agree somewhat","3<br /> I'm neutral about it","4<br /> I agree somewhat","3<br /> I'm neutral about it","2<br /> I disagree somewhat","3<br /> I'm neutral about it","the hand writing was hard to read",""
"15","Apr 1, 2020 12:21:01 pm","Apr 1, 2020 12:43:40 pm","Complete","","","","English","","1585758061_5e84bf6da6c087.59391106","Mozilla/5.0 (Windows NT 6.0) AppleWebKit/537.36 (KHTML, like Gecko) Chrome/49.0.2623.112 Safari/537.36","","92.19.197.47","-3.5903000831604","54.557098388672","United Kingdom","Whitehaven","C9","CA28","5adb3e135f327e0001fb329c","5<br /> I agree strongly","5<br /> I agree strongly","5<br /> I agree strongly","5<br /> I agree strongly","3<br /> I'm neutral about it","3<br /> I'm neutral about it","4<br /> I agree somewhat","3<br /> I'm neutral about it","3<br /> I'm neutral about it","3<br /> I'm neutral about it","5<br /> I agree strongly","5<br /> I agree strongly","5<br /> I agree strongly","5<br /> I agree strongly","5<br /> I agree strongly","5<br /> I agree strongly","5<br /> I agree strongly","5<br /> I agree strongly","5<br /> I agree strongly","5<br /> I agree strongly","5<br /> I agree strongly","5<br /> I agree strongly","5<br /> I agree strongly","5<br /> I agree strongly","5<br /> I agree strongly","5<br /> I agree strongly","5<br /> I agree strongly","4<br /> I agree somewhat","5<br /> I agree strongly","5<br /> I agree strongly","5<br /> I agree strongly","5<br /> I agree strongly","5<br /> I agree strongly","5<br /> I agree strongly","5<br /> I agree strongly","5<br /> I agree strongly","5<br /> I agree strongly","5<br /> I agree strongly","1<br />I disagree strongly","3<br /> I'm neutral about it","1<br />I disagree strongly","1<br />I disagree strongly","1<br />I disagree strongly","2<br /> I disagree somewhat","1<br />I disagree strongly","4<br /> I agree somewhat","1<br />I disagree strongly","3<br /> I'm neutral about it","1<br />I disagree strongly","3<br /> I'm neutral about it","1<br />I disagree strongly","4<br /> I agree somewhat","I agree strongly","I agree somewhat","5<br /> I agree strongly","5<br /> I agree strongly","5<br /> I agree strongly","4<br /> I agree somewhat","5<br /> I agree strongly","4<br /> I agree somewhat","5<br /> I agree strongly","3<br /> I'm neutral about it","4<br /> I agree somewhat","4<br /> I agree somewhat","4<br /> I agree somewhat","4<br /> I agree somewhat","4<br /> I agree somewhat","2<br /> I disagree somewhat","3<br /> I'm neutral about it","4<br /> I agree somewhat","Because its judgement isn't perfect when the numbers aren't written in a clear enough manner",""
"16","Apr 1, 2020 12:20:40 pm","Apr 1, 2020 12:38:22 pm","Complete","","","","English","","1585758039_5e84bf57dd0321.22837296","Mozilla/5.0 (Windows NT 6.3; Win64; x64; rv:74.0) Gecko/20100101 Firefox/74.0","","2.26.146.250","-2.2664000988007","53.434398651123","United Kingdom","Manchester","I2","M21","58a36e4bd6a2220001178ed1","5<br /> I agree strongly","5<br /> I agree strongly","5<br /> I agree strongly","4<br /> I agree somewhat","5<br /> I agree strongly","3<br /> I'm neutral about it","5<br /> I agree strongly","4<br /> I agree somewhat","4<br /> I agree somewhat","4<br /> I agree somewhat","5<br /> I agree strongly","5<br /> I agree strongly","5<br /> I agree strongly","5<br /> I agree strongly","5<br /> I agree strongly","5<br /> I agree strongly","5<br /> I agree strongly","4<br /> I agree somewhat","5<br /> I agree strongly","5<br /> I agree strongly","5<br /> I agree strongly","5<br /> I agree strongly","5<br /> I agree strongly","5<br /> I agree strongly","5<br /> I agree strongly","4<br /> I agree somewhat","5<br /> I agree strongly","4<br /> I agree somewhat","5<br /> I agree strongly","5<br /> I agree strongly","5<br /> I agree strongly","5<br /> I agree strongly","5<br /> I agree strongly","5<br /> I agree strongly","5<br /> I agree strongly","5<br /> I agree strongly","4<br /> I agree somewhat","4<br /> I agree somewhat","1<br />I disagree strongly","2<br /> I disagree somewhat","1<br />I disagree strongly","2<br /> I disagree somewhat","1<br />I disagree strongly","2<br /> I disagree somewhat","1<br />I disagree strongly","3<br /> I'm neutral about it","2<br /> I disagree somewhat","3<br /> I'm neutral about it","1<br />I disagree strongly","1<br />I disagree strongly","2<br /> I disagree somewhat","4<br /> I agree somewhat","I agree somewhat","I'm neutral about it","5<br /> I agree strongly","4<br /> I agree somewhat","4<br /> I agree somewhat","4<br /> I agree somewhat","3<br /> I'm neutral about it","3<br /> I'm neutral about it","4<br /> I agree somewhat","3<br /> I'm neutral about it","4<br /> I agree somewhat","3<br /> I'm neutral about it","2<br /> I disagree somewhat","2<br /> I disagree somewhat","4<br /> I agree somewhat","3<br /> I'm neutral about it","3<br /> I'm neutral about it","4<br /> I agree somewhat","Some of the numbers shown, eg 7 or 1, were demonstrated to the computer originally in different styles, which seemed to confuse the computer and the computer would generate an incorrect number. ",""
"17","Apr 1, 2020 12:23:06 pm","Apr 1, 2020 12:31:45 pm","Complete","","","","English","","1585758186_5e84bfea6e9e01.84676217","Mozilla/5.0 (Windows NT 10.0; Win64; x64) AppleWebKit/537.36 (KHTML, like Gecko) Chrome/80.0.3987.149 Safari/537.36","","95.145.141.247","-3.0309998989105","56.470199584961","United Kingdom","Dundee","U3","DD2","5e5e2a238627aa13cf71d42e","5<br /> I agree strongly","5<br /> I agree strongly","5<br /> I agree strongly","5<br /> I agree strongly","5<br /> I agree strongly","5<br /> I agree strongly","5<br /> I agree strongly","5<br /> I agree strongly","5<br /> I agree strongly","5<br /> I agree strongly","5<br /> I agree strongly","5<br /> I agree strongly","5<br /> I agree strongly","5<br /> I agree strongly","5<br /> I agree strongly","5<br /> I agree strongly","5<br /> I agree strongly","5<br /> I agree strongly","5<br /> I agree strongly","5<br /> I agree strongly","5<br /> I agree strongly","5<br /> I agree strongly","5<br /> I agree strongly","5<br /> I agree strongly","5<br /> I agree strongly","5<br /> I agree strongly","5<br /> I agree strongly","5<br /> I agree strongly","5<br /> I agree strongly","5<br /> I agree strongly","5<br /> I agree strongly","5<br /> I agree strongly","5<br /> I agree strongly","5<br /> I agree strongly","5<br /> I agree strongly","5<br /> I agree strongly","5<br /> I agree strongly","5<br /> I agree strongly","1<br />I disagree strongly","1<br />I disagree strongly","1<br />I disagree strongly","1<br />I disagree strongly","1<br />I disagree strongly","1<br />I disagree strongly","1<br />I disagree strongly","1<br />I disagree strongly","3<br /> I'm neutral about it","3<br /> I'm neutral about it","1<br />I disagree strongly","1<br />I disagree strongly","2<br /> I disagree somewhat","2<br /> I disagree somewhat","I agree somewhat","I agree somewhat","4<br /> I agree somewhat","4<br /> I agree somewhat","4<br /> I agree somewhat","5<br /> I agree strongly","2<br /> I disagree somewhat","4<br /> I agree somewhat","4<br /> I agree somewhat","4<br /> I agree somewhat","5<br /> I agree strongly","4<br /> I agree somewhat","2<br /> I disagree somewhat","2<br /> I disagree somewhat","4<br /> I agree somewhat","2<br /> I disagree somewhat","3<br /> I'm neutral about it","2<br /> I disagree somewhat","Some of the numbers were even hard to me to distinguish however, some were clearly just incorrect",""
"19","Apr 1, 2020 12:23:25 pm","Apr 1, 2020 12:35:13 pm","Complete","","","","English","","1585758205_5e84bffdb20fd8.85871700","Mozilla/5.0 (Windows NT 10.0; Win64; x64) AppleWebKit/537.36 (KHTML, like Gecko) Chrome/80.0.3987.132 Safari/537.36","","74.83.52.100","-84.526000976562","39.199401855469","United States","Cincinnati","OH","45224","5e483052a742a3000f7c15e8","5<br /> I agree strongly","4<br /> I agree somewhat","5<br /> I agree strongly","4<br /> I agree somewhat","4<br /> I agree somewhat","4<br /> I agree somewhat","5<br /> I agree strongly","3<br /> I'm neutral about it","4<br /> I agree somewhat","3<br /> I'm neutral about it","5<br /> I agree strongly","3<br /> I'm neutral about it","5<br /> I agree strongly","4<br /> I agree somewhat","5<br /> I agree strongly","3<br /> I'm neutral about it","5<br /> I agree strongly","3<br /> I'm neutral about it","5<br /> I agree strongly","4<br /> I agree somewhat","5<br /> I agree strongly","4<br /> I agree somewhat","5<br /> I agree strongly","3<br /> I'm neutral about it","5<br /> I agree strongly","4<br /> I agree somewhat","5<br /> I agree strongly","3<br /> I'm neutral about it","5<br /> I agree strongly","3<br /> I'm neutral about it","5<br /> I agree strongly","4<br /> I agree somewhat","5<br /> I agree strongly","4<br /> I agree somewhat","5<br /> I agree strongly","4<br /> I agree somewhat","5<br /> I agree strongly","3<br /> I'm neutral about it","1<br />I disagree strongly","2<br /> I disagree somewhat","1<br />I disagree strongly","1<br />I disagree strongly","2<br /> I disagree somewhat","3<br /> I'm neutral about it","2<br /> I disagree somewhat","3<br /> I'm neutral about it","2<br /> I disagree somewhat","3<br /> I'm neutral about it","1<br />I disagree strongly","2<br /> I disagree somewhat","2<br /> I disagree somewhat","4<br /> I agree somewhat","I agree somewhat","I'm neutral about it","4<br /> I agree somewhat","3<br /> I'm neutral about it","3<br /> I'm neutral about it","4<br /> I agree somewhat","2<br /> I disagree somewhat","2<br /> I disagree somewhat","4<br /> I agree somewhat","4<br /> I agree somewhat","3<br /> I'm neutral about it","4<br /> I agree somewhat","2<br /> I disagree somewhat","2<br /> I disagree somewhat","3<br /> I'm neutral about it","3<br /> I'm neutral about it","1<br />I disagree strongly","2<br /> I disagree somewhat","The times that the numbers were labeled wrong were when the numbers were more abstract. They were times when the number was written a little differently than it is traditionally written so the program read it as something else.",""
"23","Apr 1, 2020 12:25:29 pm","Apr 1, 2020 12:37:58 pm","Complete","","","","English","","1585758329_5e84c07908c393.40978932","Mozilla/5.0 (Windows NT 10.0; Win64; x64) AppleWebKit/537.36 (KHTML, like Gecko) Chrome/70.0.3538.102 Safari/537.36 Edge/18.18363","","51.9.167.4","-0.11659999936819","51.811401367188","United Kingdom","Hertford","F8","SG14","5d56add07d795e001788bb04","5<br /> I agree strongly","5<br /> I agree strongly","5<br /> I agree strongly","5<br /> I agree strongly","4<br /> I agree somewhat","5<br /> I agree strongly","4<br /> I agree somewhat","4<br /> I agree somewhat","3<br /> I'm neutral about it","3<br /> I'm neutral about it","4<br /> I agree somewhat","4<br /> I agree somewhat","4<br /> I agree somewhat","4<br /> I agree somewhat","5<br /> I agree strongly","5<br /> I agree strongly","5<br /> I agree strongly","5<br /> I agree strongly","5<br /> I agree strongly","4<br /> I agree somewhat","4<br /> I agree somewhat","4<br /> I agree somewhat","4<br /> I agree somewhat","5<br /> I agree strongly","5<br /> I agree strongly","5<br /> I agree strongly","3<br /> I'm neutral about it","3<br /> I'm neutral about it","5<br /> I agree strongly","5<br /> I agree strongly","5<br /> I agree strongly","5<br /> I agree strongly","5<br /> I agree strongly","5<br /> I agree strongly","4<br /> I agree somewhat","4<br /> I agree somewhat","4<br /> I agree somewhat","4<br /> I agree somewhat","2<br /> I disagree somewhat","4<br /> I agree somewhat","1<br />I disagree strongly","2<br /> I disagree somewhat","2<br /> I disagree somewhat","4<br /> I agree somewhat","2<br /> I disagree somewhat","4<br /> I agree somewhat","2<br /> I disagree somewhat","3<br /> I'm neutral about it","1<br />I disagree strongly","1<br />I disagree strongly","3<br /> I'm neutral about it","4<br /> I agree somewhat","I agree somewhat","I agree somewhat","3<br /> I'm neutral about it","4<br /> I agree somewhat","2<br /> I disagree somewhat","2<br /> I disagree somewhat","2<br /> I disagree somewhat","3<br /> I'm neutral about it","2<br /> I disagree somewhat","4<br /> I agree somewhat","3<br /> I'm neutral about it","4<br /> I agree somewhat","2<br /> I disagree somewhat","3<br /> I'm neutral about it","4<br /> I agree somewhat","4<br /> I agree somewhat","2<br /> I disagree somewhat","3<br /> I'm neutral about it","The numbers were not written clearly or contained embellishment, for example and misplacement or shortening or key characteristics of a number.  the numbers that were written seemed sloppy.",""
"24","Apr 1, 2020 12:28:08 pm","Apr 1, 2020 12:58:10 pm","Complete","","","","English","","1585758487_5e84c117d60ae0.95056075","Mozilla/5.0 (Windows NT 6.1; Win64; x64) AppleWebKit/537.36 (KHTML, like Gecko) Chrome/79.0.3945.130 Safari/537.36","","82.12.99.163","-1.4190000295639","54.879001617432","United Kingdom","Sunderland","N6","SR3","5cad2e29b38ea60017cb130c","5<br /> I agree strongly","2<br /> I disagree somewhat","5<br /> I agree strongly","5<br /> I agree strongly","5<br /> I agree strongly","5<br /> I agree strongly","5<br /> I agree strongly","5<br /> I agree strongly","5<br /> I agree strongly","5<br /> I agree strongly","5<br /> I agree strongly","5<br /> I agree strongly","5<br /> I agree strongly","5<br /> I agree strongly","5<br /> I agree strongly","5<br /> I agree strongly","5<br /> I agree strongly","5<br /> I agree strongly","5<br /> I agree strongly","5<br /> I agree strongly","5<br /> I agree strongly","5<br /> I agree strongly","5<br /> I agree strongly","5<br /> I agree strongly","5<br /> I agree strongly","5<br /> I agree strongly","5<br /> I agree strongly","2<br /> I disagree somewhat","5<br /> I agree strongly","5<br /> I agree strongly","5<br /> I agree strongly","5<br /> I agree strongly","5<br /> I agree strongly","5<br /> I agree strongly","5<br /> I agree strongly","5<br /> I agree strongly","5<br /> I agree strongly","5<br /> I agree strongly","2<br /> I disagree somewhat","4<br /> I agree somewhat","1<br />I disagree strongly","4<br /> I agree somewhat","1<br />I disagree strongly","3<br /> I'm neutral about it","2<br /> I disagree somewhat","4<br /> I agree somewhat","1<br />I disagree strongly","4<br /> I agree somewhat","1<br />I disagree strongly","1<br />I disagree strongly","2<br /> I disagree somewhat","5<br /> I agree strongly","I agree strongly","I agree strongly","5<br /> I agree strongly","5<br /> I agree strongly","5<br /> I agree strongly","4<br /> I agree somewhat","2<br /> I disagree somewhat","2<br /> I disagree somewhat","4<br /> I agree somewhat","4<br /> I agree somewhat","5<br /> I agree strongly","5<br /> I agree strongly","4<br /> I agree somewhat","5<br /> I agree strongly","4<br /> I agree somewhat","2<br /> I disagree somewhat","1<br />I disagree strongly","3<br /> I'm neutral about it","the way the number was written it was close to another number shaoe wise or a line in a certain direction so it could easily been mistaken for a human also",""
"25","Apr 1, 2020 12:22:07 pm","Apr 1, 2020 1:00:03 pm","Complete","","","","English","","1585758127_5e84bfafd084c5.72895553","Mozilla/5.0 (Windows NT 10.0; Win64; x64) AppleWebKit/537.36 (KHTML, like Gecko) Chrome/80.0.3987.149 Safari/537.36","","82.4.196.182","0.22879999876022","52.259899139404","United Kingdom","Cambridge","C3","CB25","5e381579a9cf9402490bb04a","5<br /> I agree strongly","5<br /> I agree strongly","5<br /> I agree strongly","5<br /> I agree strongly","5<br /> I agree strongly","5<br /> I agree strongly","5<br /> I agree strongly","5<br /> I agree strongly","5<br /> I agree strongly","5<br /> I agree strongly","5<br /> I agree strongly","5<br /> I agree strongly","5<br /> I agree strongly","5<br /> I agree strongly","5<br /> I agree strongly","5<br /> I agree strongly","5<br /> I agree strongly","5<br /> I agree strongly","5<br /> I agree strongly","5<br /> I agree strongly","5<br /> I agree strongly","5<br /> I agree strongly","5<br /> I agree strongly","5<br /> I agree strongly","5<br /> I agree strongly","5<br /> I agree strongly","5<br /> I agree strongly","5<br /> I agree strongly","5<br /> I agree strongly","5<br /> I agree strongly","5<br /> I agree strongly","5<br /> I agree strongly","5<br /> I agree strongly","5<br /> I agree strongly","5<br /> I agree strongly","5<br /> I agree strongly","5<br /> I agree strongly","5<br /> I agree strongly","1<br />I disagree strongly","4<br /> I agree somewhat","1<br />I disagree strongly","1<br />I disagree strongly","1<br />I disagree strongly","1<br />I disagree strongly","1<br />I disagree strongly","2<br /> I disagree somewhat","1<br />I disagree strongly","1<br />I disagree strongly","1<br />I disagree strongly","1<br />I disagree strongly","1<br />I disagree strongly","1<br />I disagree strongly","I agree somewhat","I agree somewhat","5<br /> I agree strongly","4<br /> I agree somewhat","4<br /> I agree somewhat","3<br /> I'm neutral about it","3<br /> I'm neutral about it","3<br /> I'm neutral about it","4<br /> I agree somewhat","4<br /> I agree somewhat","4<br /> I agree somewhat","4<br /> I agree somewhat","3<br /> I'm neutral about it","3<br /> I'm neutral about it","3<br /> I'm neutral about it","2<br /> I disagree somewhat","4<br /> I agree somewhat","3<br /> I'm neutral about it","The numbers the program was trained on may have led it to assume an incorrect number based on shape",""
"26","Apr 1, 2020 12:26:12 pm","Apr 1, 2020 12:42:38 pm","Complete","","","","English","","1585758372_5e84c0a452c7c8.42254846","Mozilla/5.0 (Windows NT 10.0; Win64; x64) AppleWebKit/537.36 (KHTML, like Gecko) Chrome/80.0.3987.149 Safari/537.36","","176.27.139.170","-0.1342000067234","50.958301544189","United Kingdom","Burgess Hill","P6","RH15","5db403f9aa516e000a500822","5<br /> I agree strongly","5<br /> I agree strongly","5<br /> I agree strongly","5<br /> I agree strongly","5<br /> I agree strongly","5<br /> I agree strongly","5<br /> I agree strongly","5<br /> I agree strongly","5<br /> I agree strongly","5<br /> I agree strongly","5<br /> I agree strongly","5<br /> I agree strongly","5<br /> I agree strongly","5<br /> I agree strongly","5<br /> I agree strongly","5<br /> I agree strongly","5<br /> I agree strongly","5<br /> I agree strongly","5<br /> I agree strongly","5<br /> I agree strongly","5<br /> I agree strongly","5<br /> I agree strongly","5<br /> I agree strongly","5<br /> I agree strongly","5<br /> I agree strongly","5<br /> I agree strongly","5<br /> I agree strongly","5<br /> I agree strongly","5<br /> I agree strongly","5<br /> I agree strongly","5<br /> I agree strongly","5<br /> I agree strongly","5<br /> I agree strongly","5<br /> I agree strongly","5<br /> I agree strongly","5<br /> I agree strongly","5<br /> I agree strongly","5<br /> I agree strongly","1<br />I disagree strongly","3<br /> I'm neutral about it","1<br />I disagree strongly","1<br />I disagree strongly","1<br />I disagree strongly","4<br /> I agree somewhat","1<br />I disagree strongly","4<br /> I agree somewhat","1<br />I disagree strongly","5<br /> I agree strongly","1<br />I disagree strongly","1<br />I disagree strongly","1<br />I disagree strongly","4<br /> I agree somewhat","I agree strongly","I agree somewhat","5<br /> I agree strongly","4<br /> I agree somewhat","4<br /> I agree somewhat","4<br /> I agree somewhat","4<br /> I agree somewhat","4<br /> I agree somewhat","4<br /> I agree somewhat","4<br /> I agree somewhat","4<br /> I agree somewhat","4<br /> I agree somewhat","2<br /> I disagree somewhat","3<br /> I'm neutral about it","3<br /> I'm neutral about it","4<br /> I agree somewhat","2<br /> I disagree somewhat","3<br /> I'm neutral about it","the writing of the the words was not that clear and everyone writes differently which makes it harder fort he computer to understand ",""
"27","Apr 1, 2020 12:30:30 pm","Apr 1, 2020 12:40:23 pm","Complete","","","","English","","1585758629_5e84c1a5da8f44.68127746","Mozilla/5.0 (Windows NT 10.0; Win64; x64) AppleWebKit/537.36 (KHTML, like Gecko) Chrome/80.0.3987.149 Safari/537.36","","107.3.41.235","-71.448997497559","42.962100982666","United States","Manchester","NH","03103","5b0c8c68444cef0001ca5c84","5<br /> I agree strongly","5<br /> I agree strongly","5<br /> I agree strongly","5<br /> I agree strongly","4<br /> I agree somewhat","5<br /> I agree strongly","5<br /> I agree strongly","5<br /> I agree strongly","5<br /> I agree strongly","4<br /> I agree somewhat","5<br /> I agree strongly","5<br /> I agree strongly","5<br /> I agree strongly","4<br /> I agree somewhat","5<br /> I agree strongly","5<br /> I agree strongly","5<br /> I agree strongly","5<br /> I agree strongly","5<br /> I agree strongly","5<br /> I agree strongly","5<br /> I agree strongly","5<br /> I agree strongly","5<br /> I agree strongly","5<br /> I agree strongly","5<br /> I agree strongly","5<br /> I agree strongly","4<br /> I agree somewhat","5<br /> I agree strongly","5<br /> I agree strongly","5<br /> I agree strongly","5<br /> I agree strongly","5<br /> I agree strongly","5<br /> I agree strongly","5<br /> I agree strongly","4<br /> I agree somewhat","5<br /> I agree strongly","5<br /> I agree strongly","5<br /> I agree strongly","1<br />I disagree strongly","3<br /> I'm neutral about it","1<br />I disagree strongly","3<br /> I'm neutral about it","2<br /> I disagree somewhat","4<br /> I agree somewhat","2<br /> I disagree somewhat","4<br /> I agree somewhat","3<br /> I'm neutral about it","4<br /> I agree somewhat","1<br />I disagree strongly","2<br /> I disagree somewhat","2<br /> I disagree somewhat","5<br /> I agree strongly","I agree somewhat","I agree somewhat","4<br /> I agree somewhat","3<br /> I'm neutral about it","5<br /> I agree strongly","4<br /> I agree somewhat","1<br />I disagree strongly","2<br /> I disagree somewhat","2<br /> I disagree somewhat","4<br /> I agree somewhat","4<br /> I agree somewhat","4<br /> I agree somewhat","3<br /> I'm neutral about it","3<br /> I'm neutral about it","4<br /> I agree somewhat","2<br /> I disagree somewhat","3<br /> I'm neutral about it","2<br /> I disagree somewhat","Because the numbers were sometimes uncler and looked similar to other numbers",""
"29","Apr 1, 2020 2:14:18 pm","Apr 1, 2020 2:29:34 pm","Complete","","","","English","","1585764858_5e84d9fab75fc2.56732285","Mozilla/5.0 (Windows NT 10.0; Win64; x64; rv:74.0) Gecko/20100101 Firefox/74.0","","108.205.147.218","-93.300201416016","37.050399780273","United States","Nixa","MO","65714","5dd43fb9572604418c5fb05c","5<br /> I agree strongly","5<br /> I agree strongly","5<br /> I agree strongly","5<br /> I agree strongly","5<br /> I agree strongly","5<br /> I agree strongly","5<br /> I agree strongly","5<br /> I agree strongly","3<br /> I'm neutral about it","5<br /> I agree strongly","5<br /> I agree strongly","5<br /> I agree strongly","5<br /> I agree strongly","5<br /> I agree strongly","5<br /> I agree strongly","5<br /> I agree strongly","5<br /> I agree strongly","5<br /> I agree strongly","5<br /> I agree strongly","5<br /> I agree strongly","5<br /> I agree strongly","5<br /> I agree strongly","5<br /> I agree strongly","5<br /> I agree strongly","5<br /> I agree strongly","5<br /> I agree strongly","5<br /> I agree strongly","5<br /> I agree strongly","5<br /> I agree strongly","5<br /> I agree strongly","5<br /> I agree strongly","5<br /> I agree strongly","5<br /> I agree strongly","5<br /> I agree strongly","5<br /> I agree strongly","5<br /> I agree strongly","5<br /> I agree strongly","5<br /> I agree strongly","1<br />I disagree strongly","3<br /> I'm neutral about it","1<br />I disagree strongly","3<br /> I'm neutral about it","1<br />I disagree strongly","2<br /> I disagree somewhat","1<br />I disagree strongly","4<br /> I agree somewhat","1<br />I disagree strongly","4<br /> I agree somewhat","1<br />I disagree strongly","1<br />I disagree strongly","1<br />I disagree strongly","4<br /> I agree somewhat","I agree strongly","I agree strongly","5<br /> I agree strongly","4<br /> I agree somewhat","4<br /> I agree somewhat","4<br /> I agree somewhat","5<br /> I agree strongly","4<br /> I agree somewhat","4<br /> I agree somewhat","4<br /> I agree somewhat","4<br /> I agree somewhat","4<br /> I agree somewhat","1<br />I disagree strongly","1<br />I disagree strongly","3<br /> I'm neutral about it","2<br /> I disagree somewhat","1<br />I disagree strongly","2<br /> I disagree somewhat","Humans have enough trouble deciding what number is written, there are huge variations in the writing flow. I would doubt that an AI could be created that would do any better. In example, you use the slashed 7, most people do not. That helps along with the slashed 0. ",""
"32","Apr 1, 2020 2:14:02 pm","Apr 1, 2020 2:39:02 pm","Complete","","","","English","","1585764842_5e84d9ea387833.25604717","Mozilla/5.0 (Windows NT 6.1; Win64; x64) AppleWebKit/537.36 (KHTML, like Gecko) Chrome/80.0.3987.162 Safari/537.36","","92.3.253.214","-0.11580000072718","50.84289932251","United Kingdom","Brighton","B6","BN2","5d21aed085192700013a5282","5<br /> I agree strongly","5<br /> I agree strongly","5<br /> I agree strongly","5<br /> I agree strongly","5<br /> I agree strongly","3<br /> I'm neutral about it","5<br /> I agree strongly","2<br /> I disagree somewhat","5<br /> I agree strongly","5<br /> I agree strongly","5<br /> I agree strongly","2<br /> I disagree somewhat","5<br /> I agree strongly","5<br /> I agree strongly","5<br /> I agree strongly","4<br /> I agree somewhat","5<br /> I agree strongly","5<br /> I agree strongly","5<br /> I agree strongly","4<br /> I agree somewhat","5<br /> I agree strongly","3<br /> I'm neutral about it","5<br /> I agree strongly","3<br /> I'm neutral about it","5<br /> I agree strongly","4<br /> I agree somewhat","5<br /> I agree strongly","3<br /> I'm neutral about it","5<br /> I agree strongly","2<br /> I disagree somewhat","5<br /> I agree strongly","3<br /> I'm neutral about it","5<br /> I agree strongly","5<br /> I agree strongly","5<br /> I agree strongly","5<br /> I agree strongly","5<br /> I agree strongly","5<br /> I agree strongly","1<br />I disagree strongly","2<br /> I disagree somewhat","1<br />I disagree strongly","4<br /> I agree somewhat","2<br /> I disagree somewhat","2<br /> I disagree somewhat","2<br /> I disagree somewhat","4<br /> I agree somewhat","1<br />I disagree strongly","1<br />I disagree strongly","1<br />I disagree strongly","2<br /> I disagree somewhat","1<br />I disagree strongly","1<br />I disagree strongly","I agree somewhat","I agree strongly","4<br /> I agree somewhat","3<br /> I'm neutral about it","3<br /> I'm neutral about it","3<br /> I'm neutral about it","2<br /> I disagree somewhat","3<br /> I'm neutral about it","4<br /> I agree somewhat","4<br /> I agree somewhat","4<br /> I agree somewhat","4<br /> I agree somewhat","2<br /> I disagree somewhat","2<br /> I disagree somewhat","3<br /> I'm neutral about it","4<br /> I agree somewhat","1<br />I disagree strongly","3<br /> I'm neutral about it","I believe it failed because the input examples were not close enough to the number the program was expected to recognize. For example some numbers were more rounded in in shape in the examples than the number presented to the program which it had to recognize.",""
"33","Apr 1, 2020 2:13:59 pm","Apr 1, 2020 2:40:37 pm","Complete","","","","English","","1585764839_5e84d9e7cef051.23245948","Mozilla/5.0 (X11; Linux x86_64) AppleWebKit/537.36 (KHTML, like Gecko) Chrome/80.0.3987.149 Safari/537.36","","174.81.59.252","-117.35279846191","34.556301116943","United States","Victorville","CA","92394","5563984afdf99b672b5749b6","5<br /> I agree strongly","5<br /> I agree strongly","5<br /> I agree strongly","5<br /> I agree strongly","4<br /> I agree somewhat","4<br /> I agree somewhat","4<br /> I agree somewhat","4<br /> I agree somewhat","4<br /> I agree somewhat","4<br /> I agree somewhat","5<br /> I agree strongly","5<br /> I agree strongly","5<br /> I agree strongly","5<br /> I agree strongly","5<br /> I agree strongly","5<br /> I agree strongly","5<br /> I agree strongly","5<br /> I agree strongly","5<br /> I agree strongly","5<br /> I agree strongly","4<br /> I agree somewhat","4<br /> I agree somewhat","5<br /> I agree strongly","5<br /> I agree strongly","5<br /> I agree strongly","5<br /> I agree strongly","4<br /> I agree somewhat","4<br /> I agree somewhat","4<br /> I agree somewhat","4<br /> I agree somewhat","5<br /> I agree strongly","5<br /> I agree strongly","4<br /> I agree somewhat","4<br /> I agree somewhat","5<br /> I agree strongly","5<br /> I agree strongly","5<br /> I agree strongly","5<br /> I agree strongly","1<br />I disagree strongly","1<br />I disagree strongly","1<br />I disagree strongly","1<br />I disagree strongly","1<br />I disagree strongly","1<br />I disagree strongly","2<br /> I disagree somewhat","2<br /> I disagree somewhat","2<br /> I disagree somewhat","2<br /> I disagree somewhat","1<br />I disagree strongly","1<br />I disagree strongly","2<br /> I disagree somewhat","2<br /> I disagree somewhat","I agree somewhat","I agree somewhat","5<br /> I agree strongly","5<br /> I agree strongly","5<br /> I agree strongly","5<br /> I agree strongly","5<br /> I agree strongly","5<br /> I agree strongly","5<br /> I agree strongly","5<br /> I agree strongly","4<br /> I agree somewhat","4<br /> I agree somewhat","4<br /> I agree somewhat","4<br /> I agree somewhat","4<br /> I agree somewhat","2<br /> I disagree somewhat","1<br />I disagree strongly","2<br /> I disagree somewhat","The machine-learning algorithm was extrapolating data from the database provided to it.",""
"34","Apr 1, 2020 3:21:10 pm","Apr 1, 2020 3:30:46 pm","Complete","","","","English","","1585768870_5e84e9a625f9a0.48035266","Mozilla/5.0 (Windows NT 10.0; Win64; x64) AppleWebKit/537.36 (KHTML, like Gecko) Chrome/80.0.3987.149 Safari/537.36","","66.177.233.218","-81.367202758789","29.91489982605","United States","Saint Augustine","FL","32084","5c1c137b0739430001693cf5","5<br /> I agree strongly","5<br /> I agree strongly","5<br /> I agree strongly","5<br /> I agree strongly","5<br /> I agree strongly","5<br /> I agree strongly","5<br /> I agree strongly","5<br /> I agree strongly","5<br /> I agree strongly","5<br /> I agree strongly","5<br /> I agree strongly","5<br /> I agree strongly","5<br /> I agree strongly","5<br /> I agree strongly","5<br /> I agree strongly","5<br /> I agree strongly","5<br /> I agree strongly","5<br /> I agree strongly","5<br /> I agree strongly","5<br /> I agree strongly","5<br /> I agree strongly","5<br /> I agree strongly","5<br /> I agree strongly","5<br /> I agree strongly","5<br /> I agree strongly","5<br /> I agree strongly","5<br /> I agree strongly","5<br /> I agree strongly","5<br /> I agree strongly","5<br /> I agree strongly","5<br /> I agree strongly","5<br /> I agree strongly","5<br /> I agree strongly","5<br /> I agree strongly","5<br /> I agree strongly","5<br /> I agree strongly","4<br /> I agree somewhat","5<br /> I agree strongly","1<br />I disagree strongly","1<br />I disagree strongly","1<br />I disagree strongly","1<br />I disagree strongly","1<br />I disagree strongly","4<br /> I agree somewhat","2<br /> I disagree somewhat","4<br /> I agree somewhat","1<br />I disagree strongly","4<br /> I agree somewhat","1<br />I disagree strongly","1<br />I disagree strongly","1<br />I disagree strongly","4<br /> I agree somewhat","I agree strongly","I agree strongly","4<br /> I agree somewhat","4<br /> I agree somewhat","5<br /> I agree strongly","4<br /> I agree somewhat","4<br /> I agree somewhat","4<br /> I agree somewhat","5<br /> I agree strongly","5<br /> I agree strongly","4<br /> I agree somewhat","4<br /> I agree somewhat","2<br /> I disagree somewhat","3<br /> I'm neutral about it","5<br /> I agree strongly","2<br /> I disagree somewhat","1<br />I disagree strongly","3<br /> I'm neutral about it","Maybe reading patterns and matching them with patterns of another number it had been given previously.",""
"36","Apr 1, 2020 3:20:53 pm","Apr 1, 2020 3:33:31 pm","Complete","","","","English","","1585768853_5e84e995c44337.91143555","Mozilla/5.0 (Windows NT 10.0; Win64; x64) AppleWebKit/537.36 (KHTML, like Gecko) Chrome/80.0.3987.149 Safari/537.36","","65.60.180.50","-88.128196716309","41.732299804688","United States","Naperville","IL","60565","5e6d3e1aa2fab5000bd47a97","5<br /> I agree strongly","5<br /> I agree strongly","5<br /> I agree strongly","5<br /> I agree strongly","5<br /> I agree strongly","5<br /> I agree strongly","5<br /> I agree strongly","5<br /> I agree strongly","5<br /> I agree strongly","5<br /> I agree strongly","5<br /> I agree strongly","5<br /> I agree strongly","5<br /> I agree strongly","5<br /> I agree strongly","5<br /> I agree strongly","5<br /> I agree strongly","5<br /> I agree strongly","5<br /> I agree strongly","5<br /> I agree strongly","5<br /> I agree strongly","5<br /> I agree strongly","5<br /> I agree strongly","5<br /> I agree strongly","5<br /> I agree strongly","5<br /> I agree strongly","5<br /> I agree strongly","5<br /> I agree strongly","5<br /> I agree strongly","5<br /> I agree strongly","5<br /> I agree strongly","5<br /> I agree strongly","5<br /> I agree strongly","5<br /> I agree strongly","5<br /> I agree strongly","5<br /> I agree strongly","5<br /> I agree strongly","5<br /> I agree strongly","5<br /> I agree strongly","1<br />I disagree strongly","1<br />I disagree strongly","1<br />I disagree strongly","1<br />I disagree strongly","1<br />I disagree strongly","1<br />I disagree strongly","1<br />I disagree strongly","1<br />I disagree strongly","2<br /> I disagree somewhat","3<br /> I'm neutral about it","1<br />I disagree strongly","1<br />I disagree strongly","1<br />I disagree strongly","1<br />I disagree strongly","I agree somewhat","I agree somewhat","4<br /> I agree somewhat","5<br /> I agree strongly","4<br /> I agree somewhat","4<br /> I agree somewhat","4<br /> I agree somewhat","5<br /> I agree strongly","4<br /> I agree somewhat","4<br /> I agree somewhat","4<br /> I agree somewhat","5<br /> I agree strongly","3<br /> I'm neutral about it","4<br /> I agree somewhat","4<br /> I agree somewhat","2<br /> I disagree somewhat","2<br /> I disagree somewhat","3<br /> I'm neutral about it","Occasionally the writing appeared to be a different number and the programming could not tell the difference",""
